{"datasets":[{"name":"9f2b0176","displayName":"WorkspaceObjects","query":"select * from dbxbcucmangedvscatalog.account_inventory.objects\n"},{"name":"53566ebd","displayName":"WorkspaceFIleSystemObjects","query":"select *, split_part(path,\"/\" , 3) as user_path from dbxbcucmangedvscatalog.account_inventory.notebooks"},{"name":"b4c7b1c7","displayName":"models","query":"SELECT * FROM dbxbcucmangedvscatalog.account_inventory.models"},{"name":"40c884d3","displayName":"experiments","query":"SELECT split_part(artifact_location, ':', 1) as storage, * FROM dbxbcucmangedvscatalog.account_inventory.experiments"},{"name":"511f609a","displayName":"compute","query":"select * FROM dbxbcucmangedvscatalog.account_inventory.clusters"}],"pages":[{"name":"4a18699a","displayName":"Inventory","layout":[{"widget":{"name":"1fbbdae4","queries":[{"name":"main_query","query":{"datasetName":"9f2b0176","fields":[{"name":"count(*)","expression":"COUNT(`*`)"},{"name":"object_type","expression":"`object_type`"}],"disaggregated":false}}],"spec":{"version":3,"widgetType":"pie","encodings":{"angle":{"fieldName":"count(*)","scale":{"type":"quantitative"},"displayName":"Number of Objects"},"color":{"fieldName":"object_type","scale":{"type":"categorical"},"displayName":"Object Type"},"label":{"show":true}},"frame":{"showTitle":true,"title":"Objects By Type"}}},"position":{"x":0,"y":3,"width":6,"height":6}},{"widget":{"name":"455b2b0b","queries":[{"name":"dashboards/01ef9eefc04a14bfa4a37a558b122381/datasets/01ef9eefc8751575a42bb33ff29a39d3_object_type","query":{"datasetName":"9f2b0176","fields":[{"name":"object_type","expression":"`object_type`"},{"name":"object_type_associativity","expression":"COUNT_IF(`associative_filter_predicate_group`)"}],"disaggregated":false}}],"spec":{"version":2,"widgetType":"filter-multi-select","encodings":{"fields":[{"fieldName":"object_type","displayName":"object_type","queryName":"dashboards/01ef9eefc04a14bfa4a37a558b122381/datasets/01ef9eefc8751575a42bb33ff29a39d3_object_type"}]},"frame":{"showTitle":true,"title":"Type of the Objects"}}},"position":{"x":0,"y":2,"width":2,"height":1}},{"widget":{"name":"c4442039","queries":[{"name":"main_query","query":{"datasetName":"9f2b0176","fields":[{"name":"object_type","expression":"`object_type`"},{"name":"count(*)","expression":"COUNT(`*`)"}],"disaggregated":false}}],"spec":{"version":3,"widgetType":"bar","encodings":{"x":{"fieldName":"object_type","scale":{"type":"categorical","sort":{"by":"y-reversed"}},"displayName":"Object Type"},"y":{"fieldName":"count(*)","scale":{"type":"quantitative"},"displayName":"Number of Objects"},"color":{"fieldName":"object_type","scale":{"type":"categorical"},"displayName":"object_type"},"label":{"show":true}}}},"position":{"x":0,"y":9,"width":6,"height":6}},{"widget":{"name":"f338d000","textbox_spec":"# Objects in The Workspace"},"position":{"x":0,"y":0,"width":6,"height":2}}]},{"name":"77db2b83","displayName":"Notebooks","layout":[{"widget":{"name":"5de69990","queries":[{"name":"main_query","query":{"datasetName":"53566ebd","fields":[{"name":"count(*)","expression":"COUNT(`*`)"},{"name":"user_path","expression":"`user_path`"}],"disaggregated":false}}],"spec":{"version":3,"widgetType":"pie","encodings":{"angle":{"fieldName":"count(*)","scale":{"type":"quantitative"},"displayName":"Number of Objects"},"color":{"fieldName":"user_path","scale":{"type":"categorical"},"legend":{"title":"UserName"},"displayName":"UserName"},"label":{"show":true}},"frame":{"showTitle":true,"title":"Workspace filesystem objects per user"}}},"position":{"x":0,"y":0,"width":6,"height":6}},{"widget":{"name":"e7a10b55","queries":[{"name":"main_query","query":{"datasetName":"53566ebd","fields":[{"name":"user_path","expression":"`user_path`"},{"name":"count(*)","expression":"COUNT(`*`)"}],"disaggregated":false}}],"spec":{"version":3,"widgetType":"bar","encodings":{"x":{"fieldName":"user_path","scale":{"type":"categorical","sort":{"by":"y-reversed"}},"axis":{"title":"Username"},"displayName":"Username"},"y":{"fieldName":"count(*)","scale":{"type":"quantitative"},"displayName":"Number of Objects"},"color":{"fieldName":"user_path","scale":{"type":"categorical"},"displayName":"user_path"},"label":{"show":true}},"frame":{"showTitle":true,"title":"Workspace filesystem objects per user"}}},"position":{"x":0,"y":6,"width":6,"height":6}}]},{"name":"dfe2104f","displayName":"MachineLearning","layout":[{"widget":{"name":"3d08c3f5","queries":[{"name":"main_query","query":{"datasetName":"b4c7b1c7","fields":[{"name":"count(*)","expression":"COUNT(`*`)"},{"name":"user_id","expression":"`user_id`"}],"disaggregated":false}}],"spec":{"version":3,"widgetType":"pie","encodings":{"angle":{"fieldName":"count(*)","scale":{"type":"quantitative"},"displayName":"Number of Models"},"color":{"fieldName":"user_id","scale":{"type":"categorical"},"displayName":"user_id"},"label":{"show":true}},"frame":{"showTitle":true,"title":"Models Per User"}}},"position":{"x":0,"y":5,"width":6,"height":6}},{"widget":{"name":"00858490","textbox_spec":"# Machine Learning Objects"},"position":{"x":0,"y":0,"width":6,"height":2}},{"widget":{"name":"ebe4d1f3","queries":[{"name":"main_query","query":{"datasetName":"b4c7b1c7","fields":[{"name":"count(*)","expression":"COUNT(`*`)"}],"disaggregated":false}}],"spec":{"version":2,"widgetType":"counter","encodings":{"value":{"fieldName":"count(*)","displayName":"Count of Records"}},"frame":{"showTitle":true,"title":"Number of Models"}}},"position":{"x":0,"y":2,"width":3,"height":3}},{"widget":{"name":"d4c04d9a","queries":[{"name":"main_query","query":{"datasetName":"40c884d3","fields":[{"name":"count(*)","expression":"COUNT(`*`)"}],"disaggregated":false}}],"spec":{"version":2,"widgetType":"counter","encodings":{"value":{"fieldName":"count(*)","displayName":"Count of Records"}},"frame":{"showTitle":true,"title":"Number of Experiments"}}},"position":{"x":3,"y":2,"width":3,"height":3}},{"widget":{"name":"16bd153c","queries":[{"name":"main_query","query":{"datasetName":"40c884d3","fields":[{"name":"count(*)","expression":"COUNT(`*`)"},{"name":"storage","expression":"`storage`"}],"disaggregated":false}}],"spec":{"version":3,"widgetType":"pie","encodings":{"angle":{"fieldName":"count(*)","scale":{"type":"quantitative"},"displayName":"Number of Models"},"color":{"fieldName":"storage","scale":{"type":"categorical"},"displayName":"storage"},"label":{"show":true}},"frame":{"showTitle":true,"title":"Experiments Per Storage Location"}}},"position":{"x":0,"y":11,"width":6,"height":6}}]},{"name":"7c5053ed","displayName":"Compute","layout":[{"widget":{"name":"58987574","queries":[{"name":"main_query","query":{"datasetName":"511f609a","fields":[{"name":"count(*)","expression":"COUNT(`*`)"}],"disaggregated":false}}],"spec":{"version":2,"widgetType":"counter","encodings":{"value":{"fieldName":"count(*)","displayName":"Number of Objects"}},"frame":{"showTitle":true,"title":"Total Clusters"}}},"position":{"x":2,"y":0,"width":2,"height":1}},{"widget":{"name":"d2e72e92","queries":[{"name":"main_query","query":{"datasetName":"511f609a","fields":[{"name":"count(*)","expression":"COUNT(`*`)"},{"name":"spark_version","expression":"`spark_version`"}],"disaggregated":false}}],"spec":{"version":3,"widgetType":"pie","encodings":{"angle":{"fieldName":"count(*)","scale":{"type":"quantitative"},"displayName":"Number of Objects"},"color":{"fieldName":"spark_version","scale":{"type":"categorical"},"displayName":"spark_version"}},"frame":{"showTitle":true,"title":"Cluster By DBR Version"}}},"position":{"x":0,"y":7,"width":6,"height":6}},{"widget":{"name":"6944ff23","queries":[{"name":"dashboards/01ef9eefc04a14bfa4a37a558b122381/datasets/01ef9fb0566e18f6bd0fb0d9bb915705_cluster_source","query":{"datasetName":"511f609a","fields":[{"name":"cluster_source","expression":"`cluster_source`"},{"name":"cluster_source_associativity","expression":"COUNT_IF(`associative_filter_predicate_group`)"}],"disaggregated":false}}],"spec":{"version":2,"widgetType":"filter-multi-select","encodings":{"fields":[{"fieldName":"cluster_source","displayName":"cluster_source","queryName":"dashboards/01ef9eefc04a14bfa4a37a558b122381/datasets/01ef9fb0566e18f6bd0fb0d9bb915705_cluster_source"}]},"frame":{"showTitle":true,"title":"Cluster Source"}}},"position":{"x":0,"y":0,"width":2,"height":1}},{"widget":{"name":"a245ebc0","queries":[{"name":"main_query","query":{"datasetName":"511f609a","fields":[{"name":"count(*)","expression":"COUNT(`*`)"},{"name":"cluster_source","expression":"`cluster_source`"}],"disaggregated":false}}],"spec":{"version":3,"widgetType":"pie","encodings":{"angle":{"fieldName":"count(*)","scale":{"type":"quantitative"},"displayName":"Number of Objects"},"color":{"fieldName":"cluster_source","scale":{"type":"categorical"},"displayName":"cluster_source"}},"frame":{"showTitle":true,"title":"Cluster By DBR Version"}}},"position":{"x":0,"y":1,"width":6,"height":6}}]}]}